PKT — Website Content Pack (Full Detail),,,,,,,
"One row per page, in the same order as the Sitemap tab. Body/CTA text is the working draft copy as written; open items are placeholders awaiting confirmed PKT facts.",,,,,,,
,Core / Shared,,Freight Services,,Driver Careers,,Company
Page / URL,Keywords (Primary + Secondary),SEO Title / Meta Description,H1 / Headline + Body Content,CTA(s),Open Items / Dev Notes,,
"HOME
/","Primary: asset-based truckload carrier Illinois

Secondary: dry van carrier Illinois · OTR trucking company · 48 state carrier","SEO Title: PKT | Asset-Based Truckload Carrier in Illinois

Meta: Asset-based dry van truckload capacity from PKT, serving the contiguous US. Loads move under our authority, insurance and dispatch.","H1: Freight moved by people who answer the phone.

Hero: PKT is an asset-based truckload carrier running 48-state authority out of Rosemont, Illinois. Every load moves under our authority, our insurance, and our dispatch.
Proof strip: Operating since 2018 · 48-state authority · Asset-based carrier · 2025-2026 equipment
1. Capacity — One carrier. One authority. One team accountable. When PKT commits to your freight, our operations team stays responsible for it from pickup through delivery. Loads accepted by PKT move under our authority and dispatch, kept with us rather than passed to another carrier. When you call about a shipment, you are talking to the team managing it.
2. What we move — Truckload capacity built around your freight. Dry van, refrigerated, flatbed and step deck equipment, plus dedicated and drop trailer programs. 48-state authority means we run your freight where it needs to go.
3. Coverage — Ask us about your lane. PKT operates across the contiguous United States, with regular capacity concentrated in [PRIMARY LANES].
4. Communication — Communication shouldn't be the hard part. Freight changes, appointments move, weather happens. You get a direct line to the person managing your shipment. If a truck is going to miss an appointment, you hear it from us within [RESPONSE TIME], with the new ETA and what we are doing about it.
5. Safety — Safety built into every mile. Properly maintained equipment, qualified drivers, clear operating standards, and one basic rule: a load is never more important than running rested and within your hours.
6. Drive PKT — Two ways to run with us. Dispatch knows who you are, what you drive and where you live. 48-state authority, steady freight, and settlements that arrive when we said they would. (Company drivers · Owner-operators)
Final CTA: Need a truck? Tell us the origin, destination, equipment and pickup date. We'll tell you whether PKT can cover it.
Footer: USDOT [NUMBER] · MC [NUMBER] · 9400 W Higgins Rd STE 412, Rosemont, IL 60018 · Recruiting [PHONE] · Operations [PHONE] (confirm whether (224) 666-0136 is one of these two lines or a separate general number)","Primary: Request a Quote → | Secondary: Drive With PKT | Section links: Explore Freight Services →, View All Services →, Where We Run →, Talk to Our Team →, How We Approach Safety →, See Driver Opportunities →","[PRIMARY LANES] · [RESPONSE TIME] · [USDOT] [MC] · confirm phone-by-department  DOT#3188421 MC# 132863, Primary lanes: Midwest to north-east, North-east to South-east,  South-east to midwest. Response time - 1 minutes to - 5 mins. Get paid for high rpm spot load and get rich fast. You want a non-stop loads, well - you are already covered and next load will be reserved for strong drivers.",,
"FREIGHT SERVICES — HUB
/services","Primary: asset based carrier

Secondary: truckload carrier · asset based trucking company · 48 state carrier · OTR carrier · dry van carrier","SEO Title: Asset-Based Truckload Carrier | PKT

Meta: PKT owns its trucks and holds its own authority. Dry van, refrigerated, flatbed and step deck capacity across 48 states. Truckload freight, moved by the carrier you hired.","H1: (no distinct H1 beyond intro)

Intro: PKT is an asset-based carrier. We own the trucks and hold the authority, so your freight moves with us rather than being passed along to a company you have never spoken to. We run dry van, refrigerated, flatbed and step deck equipment across 48 states. The people you call about a load are the people who dispatched it.
How your freight moves: 1. Book — send origin, destination, pickup date, commodity, weight, pallet count and equipment requirements; we confirm capacity before accepting. 2. Pickup — truck arrives, freight loads, team confirms and begins managing the shipment. 3. In transit — we follow the load and keep you updated; revised ETA comes from us if anything affects delivery. 4. Delivery — receiver accepts, we confirm, proof of delivery provided.
Direct communication with dispatch: Contact PKT about an active shipment and you reach the team managing it — appointment changes, receiver questions, schedule issues handled directly by operations.
Regular lanes: Weekly freight can be reviewed for ongoing or dedicated capacity — send lane, loads/week, schedules, commodity, average weight, loading method and receiver requirements.
What we need to quote: ZIP-level origin and destination · pickup date · commodity · weight · dimensions or pallet count · loading method · appointment times and special handling
Where we run: PKT holds 48-state operating authority and runs OTR across the contiguous US. Lanes we run regularly: [PENDING PRIMARY LANES] — most consistent capacity, fastest quote turnaround. Everywhere else: 48-state authority means freight outside regular lanes is open to us depending on where equipment sits that week — send the lane for a same-day answer.",Request a Quote → | Talk to Our Team →,"[PRIMARY LANES]; lane map treatment ('show actual routes as lines rather than shading the full country')… WI-FL, WI-MA, WI-CT, WI-NJ. IL-FL, IL- GA. NJ-MI, NJ-GA, NJ-SC, NJ-NC, NJ-FL, FL- NC, FL-GA, GA-OH, GA-MI, NC-IN, IL-TX, KY-TX",,
"DRY VAN
/services/dry-van","Primary: dry van carrier

Secondary: dry van truckload carrier · 53' dry van carrier · dry van trucking company · OTR dry van carrier","SEO Title: Dry Van Truckload Carrier | PKT

Meta: 53' dry van capacity for general freight, retail goods, food and beverage, automotive parts and manufactured products. Dry van truckload.","H1: (no distinct H1 beyond intro)

Intro: 53' enclosed capacity for freight that travels at ambient temperature. Full truckload across the contiguous US, including OTR, recurring lanes and dedicated opportunities. One load or weekly volume, you get a clear answer on availability.
Equipment: 53' dry vans, [YEAR RANGE], [DOOR TYPE], [SUSPENSION], palletized and floor-loaded freight, [LOADING METHODS].
What we haul: Consumer/retail (packaged consumer products, retail merchandise, household goods, cleaning/personal care, e-commerce/DC freight) · Food and beverage (canned/bottled products, dry foods, beverages, packaged ingredients, shelf-stable goods) · Manufacturing/industrial (finished goods, industrial components, machinery parts, packaged tools, plastics, rubber) · Automotive (parts, components, packaged replacements, tires, manufacturing supplies) · Paper and packaging (paper products, cartons, packaging materials, printed goods) · Electronics/appliances (consumer electronics, appliances, electrical components, technology products — high-value freight subject to approval and insurance requirements) · Building products (packaged hardware, flooring, fixtures, interior finishing materials).
Cross-sell note: Temperature-controlled food books through refrigerated; oversized building materials go flatbed or step deck.",Request a Quote →,"[YEAR RANGE] [DOOR TYPE] [SUSPENSION] [LOADING METHODS]. We have dry coverage for Citizen drivers, who would love to work with USPS, Brand new 53 footer trailers swing doors. Get loaded in 2 hours in FCFS facilities, pick up the load and get on the roqd quickly.",,
"REFRIGERATED
/services/reefer","Primary: refrigerated carrier

Secondary: reefer carrier · temperature controlled carrier · refrigerated trucking company · reefer truckload","SEO Title: Refrigerated Truckload Carrier | PKT Reefer Service

Meta: Temperature-controlled capacity for food, beverage and temperature-sensitive freight with continuous monitoring. Refrigerated freight.","H1: (no distinct H1 beyond intro)

Intro: Temperature-controlled truckload for freight that has to arrive at temperature. Reefer has less margin for error than dry van — a missed set point or a late appointment can cost you the load, and operations manages these shipments accordingly.
Equipment: 53' reefers, [UNIT MAKE], [YEAR RANGE], temperature range [RANGE], [CONTINUOUS AND CYCLE].
Protecting the load: Trailers pre-cooled before loading · [MONITORING METHOD] · reefer download on request · driver checks at [INTERVALS].
What we haul: Food and beverage (fresh produce, dairy, packaged meat/poultry, frozen foods, temperature-controlled beverages, bakery, prepared meals) · Other temperature-sensitive (floral, personal care with temperature specs, packaged goods with tolerances) · Protected freight (reefers also carry freight needing protection from freezing rather than active cooling — flag a minimum rather than maximum at booking).
Additional booking requirements: Set point · continuous or cycle · receiver temperature tolerances · whether pre-cooled at origin · reefer download needs · appointment windows",Request a Quote →,"[UNIT MAKE] [YEAR RANGE] [RANGE] [OPERATION MODES]; [MONITORING METHOD] [INTERVALS]. 2025 brand new grat dane reefers among with best refrigirators. Start-stop mode, continous mode reefers, Carrier and Thermo king reefers with warranties, 24/7 road service support when reefer faces an issue in transit. Commodity types - Produce, Grocery, Diary, Meat and chicken.  ",,
"FLATBED
/services/flatbed","Primary: flatbed carrier

Secondary: flatbed trucking company · open deck carrier · flatbed freight services · flatbed truckload","SEO Title: Flatbed Carrier and Open Deck Freight | PKT

Meta: Flatbed capacity for building materials, steel, machinery and equipment. Secured to FMCSA standard, tarping available. Flatbed freight.","H1: (no distinct H1 beyond intro)

Intro: Open deck capacity for freight loading from the side, rear or overhead. Open deck work comes down to securement, and securement comes down to the driver — ours handle their own and know what a receiver will accept before the truck leaves.
Equipment: [LENGTH] flatbeds, [MATERIAL], [YEAR RANGE], deck height [HEIGHT], [MAX PAYLOAD].
Securement: FMCSA standard, [STRAPS, CHAINS, BINDERS, EDGE PROTECTION], [TARP TYPES], [COIL RACKS], dunnage as required.
What we haul: Building and construction (lumber and treated wood, roofing, drywall/board, pipe/conduit, precast concrete, packaged supplies) · Steel and metals (plate and sheet, structural steel/beams, rebar, fabrications) · Machinery and equipment (industrial, agricultural, construction equipment within legal dimensions, manufacturing equipment) · Other (crated oversized freight, tanks/vessels within legal dimensions, utility products).
Dimensions: Freight within legal width, height and weight moves without a permit; beyond that requires permits and routing — send dimensions and weight and we'll confirm what's possible. Freight requiring RGN or multi-axle heavy haul sits outside our capability — send it anyway and we'll point you to a carrier who handles it.",Request a Quote →,"[LENGTH] [MATERIAL] [YEAR RANGE] [HEIGHT] [MAX PAYLOAD]; [SECUREMENT EQUIPMENT] [TARP TYPES] [COIL RACKS]… 48 and 53 footer 2025 Flatbed trailers + headrack to save and collect securing equipments, Aluminum trailers for who loves to work with shiny trailers, Oversize hauling with escorts and get paid for expensive rates not excluding permits and escorts. Team flatbed driving - direct deliver with any size and full tarped loads.  ",,
"STEP DECK
/services/step-deck","Primary: step deck carrier

Secondary: step deck trucking company · drop deck trailer · step deck freight · step deck shipping","SEO Title: Step Deck Carrier | PKT

Meta: Step deck capacity for freight too tall for a flatbed. Ramps available for rolling equipment. Step deck freight.","H1: (no distinct H1 beyond intro)

Intro: A step deck gives you height without a permit — the lower deck sits closer to the road, letting taller freight travel legally where a flatbed would put it over height. If you've been quoted for permits on a load, it's worth asking whether a step deck removes the need.
Equipment: [LENGTH] step decks, upper deck [LENGTH], lower deck [LENGTH], legal height to [HEIGHT], [YEAR RANGE], [MAX PAYLOAD].
Loading: [RAMPS] for rolling and driveable equipment · crane and overhead · side · rear forklift.
What we haul: Machinery and equipment (construction, agricultural, industrial, generators/compressors, rolling equipment suited to ramps) · Tall freight (building materials over flatbed legal height, tanks/vessels, crated equipment, manufactured structures, HVAC units) · General open deck (steel/metal products, palletized freight loading from above).
Flatbed or step deck guidance: Under [HEIGHT], a flatbed usually works and loads more easily from the side; above that, a step deck keeps you legal without permits — send dimensions and we'll tell you which suits the load.",Request a Quote →,"[ALL STEP DECK DIMENSIONS AND SPECS]; [RAMPS AVAILABLE: YES OR NO]; [HEIGHT THRESHOLD], wecurrently don't work with stepdeck equipments",,
"DEDICATED
/services/dedicated","Primary: dedicated carrier

Secondary: dedicated trucking services · dedicated capacity · dedicated freight lanes · dedicated contract carriage","SEO Title: Dedicated Truck Capacity | PKT

Meta: Trucks assigned to your lanes with the same drivers running them week after week. Trucks assigned to your freight.","H1: (no distinct H1 beyond intro)

Intro: Trucks committed to your lanes, running on a schedule, with the same drivers who learn your docks, receivers and appointment windows. For freight moving weekly, this replaces sourcing capacity each time with capacity that is already yours.
What you get: Same drivers on your lane week to week · familiarity with your facility and requirements · capacity committed ahead rather than sourced weekly · predictable transit · one operations contact · rates agreed for the term rather than moving with the spot market.
Who it suits: Consistent volume on a repeating lane · freight where driver familiarity matters (tight docks, specific receivers) · appointment-sensitive freight · retail replenishment on a fixed schedule · manufacturing freight on a production schedule.
How it works: 1. Tell us the lane, volume, schedules, commodity, weight, equipment and term. 2. We review what PKT can commit to and give a clear answer rather than a commitment we'd renegotiate later. 3. Rates, term, volume and service commitments agreed in writing. 4. Same trucks, same drivers, one operations contact.
Also tell us: expected variability, dwell expectations, receiver-specific requirements.",Talk to Our Team →,We currently don't do dedicated lanes.,,
"DROP TRAILER
/services/drop-trailer","Primary: drop trailer program

Secondary: drop and hook carrier · drop trailer service · trailer pool · drop trailer capacity","SEO Title: Drop Trailer Programs | PKT

Meta: Trailers staged at your dock so loading happens on your schedule.","H1: Load on your schedule.

Intro: A trailer sits at your facility, you load when your operation is ready, we collect when it's done — loading stops being tied to a driver's clock. For facilities where loading takes hours rather than minutes, this removes detention from the conversation and gives your warehouse team control of the timeline.
What you get: Loading on your timeline · freight staged and ready at pickup · reduced dock congestion · predictable pickup windows · loading spread across a shift · labor scheduled around your operation.
Who it suits: Facilities where loading takes several hours · uneven or unpredictable loading windows · consistent volume on a lane · yard or dock space to stage a trailer · operations loading across multiple shifts.
How it works: 1. We agree how many trailers stay on site, the swap frequency and the volume the program supports. 2. Trailers positioned and available for loading. 3. You load on your schedule. 4. We collect, deliver, and return an empty on the agreed cycle.
We need: volume and frequency · how long a trailer stays on site · secure space · equipment type · shift pattern · whether trailers are needed at origin, destination or both. Programs depend on trailer availability and volume commitment.",Talk to Our Team →,We currently don't do drop trailers.,,
"DRIVER CAREERS — HUB
/careers","Primary: trucking jobs Illinois

Secondary: CDL A jobs Illinois · OTR driving jobs · owner operator opportunities","SEO Title: Drive for PKT | CDL-A Jobs and Owner-Operator Opportunities

Meta: Company driver positions and owner-operator lease opportunities. 48-state OTR freight, late-model equipment, dispatch that knows your name.","H1: Two ways to run with us.

Intro: At PKT, dispatch knows who you are, what you drive and where you live. We run dry van, reefer, flatbed and step deck freight across 48 states. Pick the path that fits how you want to work.
Company driver: We provide the truck, you drive it. Pay — we set pay per driver based on experience and route; call [RECRUITING PHONE] and we'll tell you what your lane pays before you apply. Home time — depends on the run; tell us where you live and we'll tell you what's realistic.
Owner-operator: Your truck, our authority and freight. Steady freight without chasing loads.
Not sure which suits you? Call [RECRUITING PHONE] and ask — two minutes, no application.",CDL-A Jobs → | Lease On →,"[RECRUITING PHONE] +1 (331) 256-8985 Jessica, +1 331 258 9809- Otabek, (331) 444-7430 Jasmina, +1 331 258 6249 Miss Medina, +1(331) 336-1445 Thomas.",,
"COMPANY DRIVERS
/careers/company-drivers","Primary: CDL A truck driver jobs

Secondary: company driver jobs · OTR driving jobs Illinois · CDL A jobs Illinois","SEO Title: CDL-A Company Driver Jobs | PKT

Meta: OTR company driver positions running dry van, reefer and open deck freight across 48 states.","H1: Drive for a company that knows your name.

Intro: We are not trying to become a bigger carrier — we are trying to be a good one. That means dispatch knows what you drive and where you live; when you call, someone picks up. Nobody here gets pushed to run tired or run past their hours — a load is never worth your license. What we provide: the truck, the trailer, fuel, maintenance, insurance and the freight. You drive.
Why drivers stay: Dispatch that knows you — not a fleet number in a queue, the person dispatching your load knows your situation. Miles that are there — we don't hire more drivers than we have freight for; sitting doesn't pay you and it doesn't pay us. Home when we said — we plan the load around it. Equipment that works — 2025-2026 tractors on a preventive maintenance schedule; breakdowns cost you money, so we work to avoid them.",See Open Positions →,"Become company driver and forget about living paycheck to paycheck, if you want to work as company you will get richer than owner opp, with  soft profit. If you are new CDL holder, we have prapered traning programs with realtime results. ",,
"OWNER-OPERATORS
/careers/owner-operators","Primary: owner operator lease on

Secondary: lease on to a carrier · owner operator trucking jobs · owner operator opportunities Illinois","SEO Title: Owner-Operator Lease Opportunities | PKT

Meta: Lease on to PKT for steady 48-state freight, a fuel program and settlements that arrive on schedule.","H1: Your truck. Our authority and freight.

Intro: You already know how to run a truck. What costs you money is dead time, slow settlements and chasing loads that don't pay. We run under our own authority with our own customer base, so the freight is there — and you deal with the same dispatcher every week rather than whoever picks up. We'll walk you through a real settlement example before you sign anything.",Lease On →,"Choosing the best load from the dispatcher's offers, becoma the top gross maker driver, pay less and get paid for your time+your efforts when doing team loads with consistent lanes. ",,
"DRIVER JOBS (listing)
/careers/jobs","Primary: truck driving jobs Illinois

Secondary: CDL A jobs near me · OTR trucking jobs · owner operator jobs Illinois","SEO Title: Open Driver Positions | PKT

Meta: Current CDL-A company driver and owner-operator openings. Filter by state and route type.","H1: Every opening here is current.

Intro: Filter by state and by type — company driver or owner-operator. Each posting shows title, driver type, route type, hiring states, pay or split, home time, equipment and experience minimum. If nothing matches your state, leave your details and we'll call when something opens near you.
Build requirement: Each opening is a separate record carrying JobPosting structured data with an enforced expiry date. Expired postings left live are removed from Google for Jobs and damage the domain's standing there.",Apply (per listing),Dev note: JobPosting structured data + enforced expiry date per opening — required for Google for Jobs eligibility,,
"APPLY (Quick Apply)
/careers/apply","Primary: truck driver application

Secondary: CDL A application · quick apply trucking · driver application Illinois","SEO Title: Quick Apply | PKT

Meta: Four questions, about a minute. No resume, no uploads, no account.","H1: Quick apply.

Intro: Four questions. No resume, no uploads, nothing to create an account for.
Fields: First name · last name · phone · state · years CDL-A experience · applying as company driver or owner-operator.
Button: Send It
After submit: We'll call you within [X HOURS] during business hours. Prefer to call us? [RECRUITING PHONE].",Send It,[RESPONSE TIME  - Monday thru Saturday 8:00 AM to 5PM CDT / X HOURS]; [RECRUITING PHONE] +1(331) 336-1445 “Thomas”,,
"SAFETY
/safety","Primary: DOT compliant carrier

Secondary: FMCSA compliant carrier · safe trucking company · cargo security · carrier safety program","SEO Title: Safety and Compliance | PKT

Meta: How PKT keeps freight moving predictably: maintained equipment, qualified drivers and clear operating standards.","H1: Safety and compliance.

Intro: Good transportation should be predictable. Safety at PKT comes down to four things: equipment that works, drivers who are qualified to be in it, standards everyone understands, and one rule that settles any argument — a load is never more important than running rested and within your hours.
Equipment: Preventive maintenance on [SCHEDULE] rather than repair when something fails · pre-trip and post-trip inspections on every run · annual DOT inspections · defects reported and repaired before dispatch.
Drivers: MVR review at hire and after · DOT physical and medical certification current · drug and alcohol testing per FMCSA requirements including pre-employment, random and post-accident · employment verification.
Hours and fatigue: ELDs on every truck with hours monitored · loads planned against available hours rather than against optimism · drivers shut down when they need to, and dispatch works around it. If a load cannot be made within a driver's hours, we say so at booking rather than discovering it at 2am.
Cargo: Freight secured to FMCSA standard · temperature-controlled loads monitored per refrigerated service standards.
Compliance: 48-state operating authority, active and in good standing · [INSURANCE COVERAGE AND LIMITS] · certificate of insurance available on request · USDOT [NUMBER] and MC [NUMBER], verifiable through FMCSA at any time.",Request a Quote →,"[MAINTENANCE SCHEDULE AND PROVIDER]; [INSURANCE LIMITS] [USDOT# 318421] [MC# 132863]… 24/7 maintenance team, we provide the best shops with short waiting times, planned pm services.",,
"COMPANY (About / Values / Leadership)
/company","Primary: asset based carrier Illinois

Secondary: trucking company Illinois · about PKT · Illinois motor carrier","SEO Title: About PKT | Asset-Based Truckload Carrier

Meta: A carrier that owns its authority and answers its phone. PKT runs truckload freight on 48-state authority from Illinois.","H1: Who we are.

About: PKT is an asset-based truckload carrier operating from Illinois on 48-state authority. We started in 2024 with a simple idea: run our own freight properly. The authority, the insurance and the dispatch are all ours — when something changes on your load, the person you call is the person who can act on it. We run dry van, refrigerated, flatbed and step deck freight across the contiguous US. What we offer is direct access and a fast answer; when we take your load, we move it.
Mission and Values (SEO Title: 'Our Values | PKT'): What we hold ourselves to — Answer fast (a clear response on your lane the same day) · Own the load (freight we accept moves under our authority with our people responsible for it from pickup through delivery) · Tell you first (if a delivery time changes, you hear it from us with the updated ETA and what we're doing about it) · Respect the driver (everyone runs rested and within their hours; safety comes ahead of any load) · Serve the freight we serve well (we commit to the freight we can move properly, and we move it properly).
Leadership (SEO Title: 'Leadership | PKT'): Who runs PKT — at our size, you work with the people on this page directly. Each entry: name, title, what they handle for a customer or driver, years in the industry, direct phone and email.
Build note: This page requires real names, real photos and real contact details. Naming the people is a genuine advantage — generic placeholder leadership content works against PKT, so skip the page rather than fill it with placeholders.",Request a Quote →,"Leadership section: [LEADERSHIP NAMES- Jahongir Temirov, TITLES, RESPONSIBILITIES-, CONTACT DETAILS, PHOTOS] — hold page until real info is available. CONFLICT — company record shows 'Est. 09/17/2018'; the About copy above says 'We started in 2024.' Do not publish until PKT confirms which founding date is correct.",,
"CONTACT
/contact","Primary: PKT contact

Secondary: trucking company contact Illinois · freight quote contact","SEO Title: Contact PKT | Quotes, Operations and Recruiting

Meta: Reach the right team directly. Separate routes for quotes, existing customers, driver recruiting and vendors.","H1: Reach the right team.

Intro: Separate routes rather than one form, so nobody waits behind the wrong queue.
Routes: New freight and quotes — [PHONE] · [EMAIL] · quote form. Existing customers and operations — [PHONE] · [EMAIL] · [HOURS]. Driver recruiting — [PHONE] · [EMAIL] · [HOURS]. Vendors and general — [EMAIL]. (224) 666-0136 confirmed as a PKT contact number — department/route not yet specified.
Also: Physical address — 9400 W Higgins Rd STE 412, Rosemont, IL 60018; USDOT [NUMBER] · MC [NUMBER].
Build requirement: Each route posts to a different address. Recruiting and operations use distinct call-tracking numbers so source attribution survives the phone call.",(routing form / phone / email per audience),"[HOURS, USDOT# 3188421, MC# 132863]; confirm which route (224) 666-0136 belongs to; distinct call-tracking numbers per route",,